label,rows,queries,topk,graph_degree,intermediate_graph_degree,seed_degree,candidate_strategy,insert_mode,replace_policy,sample_rate,selected_rows,candidate_count,replace_fraction,nnd_iterations,itopk_size,scratch_algo,bf_ms,scratch_build_ms,scratch_search_ms,scratch_recall,load_graph_ms,candidate_ms,seed_ms,nnd_ms,sort_ms,optimize_ms,index_ms,variant_build_ms,variant_search_ms,variant_recall
full_scratch_ivfpq,1000000,10000,12,64,128,0,random-global,append,random,1.000000,1000000,32,0.250000,20,64,ivf-pq,1475.367415,3218.447896,91.759225,0.974558,0.000000,0.000000,0.000000,0.000000,0.000000,0.000000,0.000000,0.000000,0.000000,nan
full_seed_partition_only,1000000,10000,12,64,128,64,none,append,random,1.000000,1000000,0,0.250000,20,64,nn-descent,1482.773426,nan,nan,nan,2139.866504,0.010920,130.226687,54785.580028,306.055966,585.013067,19.809855,57966.563027,94.010081,0.982858
full_random_append32_iter5,1000000,10000,12,64,128,96,random-global,append,random,1.000000,1000000,32,0.250000,5,64,nn-descent,1493.761580,nan,nan,nan,2227.093019,175.198954,1930.377476,25253.989317,312.518370,591.510351,20.952383,30511.639870,99.247396,0.736817
full_seed_partition_only_iter5,1000000,10000,12,64,128,64,none,append,random,1.000000,1000000,0,0.250000,5,64,nn-descent,1498.490213,nan,nan,nan,2266.536928,0.010880,132.068140,22737.783008,316.274756,594.474372,22.598514,26069.746598,97.997348,0.919367
full_direct_partition_only,1000000,10000,12,64,128,64,none,append,random,1.000000,1000000,0,0.250000,20,64,nn-descent,1492.496892,nan,nan,nan,2216.903229,0.008961,130.717490,0.000000,177.612851,298.057752,21.301865,2844.602148,92.714832,0.489600
full_direct_random_append32,1000000,10000,12,64,128,96,random-global,append,random,1.000000,1000000,32,0.250000,20,64,nn-descent,1488.045942,nan,nan,nan,2223.195152,174.508869,1934.489425,0.000000,238.978189,385.272626,21.658108,4978.102369,99.080995,0.501500
full_direct_query_append32,1000000,10000,12,64,128,96,query-one,append,random,1.000000,1000000,32,0.250000,20,64,nn-descent,1492.045529,nan,nan,nan,2235.830665,8260.728844,1926.412932,0.000000,240.757686,390.688992,22.234992,13076.654111,60.278812,0.981642
full_direct_query_append32_sample10,1000000,10000,12,64,128,96,query-one,append,random,0.100000,100242,32,0.250000,20,64,nn-descent,1496.857395,nan,nan,nan,2198.314392,2651.096807,373.876077,0.000000,238.916474,387.330969,21.675588,5871.210307,64.640362,0.873067
full_direct_query_append32_sample50,1000000,10000,12,64,128,96,query-one,append,random,0.500000,499541,32,0.250000,20,64,nn-descent,1498.074644,nan,nan,nan,2272.572059,5202.374332,1079.031578,0.000000,242.860461,395.628785,22.755276,9215.222491,62.536948,0.959975
full_direct_query_append32_sample75,1000000,10000,12,64,128,96,query-one,append,random,0.750000,750360,32,0.250000,20,64,nn-descent,1498.399446,nan,nan,nan,2281.661681,6777.439422,1505.257013,0.000000,242.154256,391.060554,23.055398,11220.628324,61.418060,0.974125
full_direct_query_append16,1000000,10000,12,64,128,80,query-one,append,random,1.000000,1000000,16,0.250000,20,64,nn-descent,1502.788915,nan,nan,nan,2229.347524,8239.861941,997.931344,0.000000,200.737932,344.728357,22.198752,12034.805850,59.927049,0.981317
full_direct_query_append8,1000000,10000,12,64,128,72,query-one,append,random,1.000000,1000000,8,0.250000,20,64,nn-descent,1504.755649,nan,nan,nan,2233.961915,8221.668737,565.897509,0.000000,182.064365,334.675929,21.916830,11560.185285,59.942890,0.979933
full_direct_query_append4,1000000,10000,12,64,128,68,query-one,append,random,1.000000,1000000,4,0.250000,20,64,nn-descent,1509.166679,nan,nan,nan,2286.570035,8189.254636,363.849248,0.000000,171.166731,314.137228,21.610788,11346.588666,59.881409,0.977783
full_direct_query_append2,1000000,10000,12,64,128,66,query-one,append,random,1.000000,1000000,2,0.250000,20,64,nn-descent,1512.727704,nan,nan,nan,2213.954498,8233.865740,264.405728,0.000000,166.892501,310.412083,21.341506,11210.872056,60.155091,0.976167
full_direct_query_append1,1000000,10000,12,64,128,65,query-one,append,random,1.000000,1000000,1,0.250000,20,64,nn-descent,1512.675424,nan,nan,nan,2168.540108,8127.571334,211.772648,0.000000,159.622492,298.108958,19.811616,10985.427156,60.435733,0.973442
full_direct_query_replace8_random,1000000,10000,12,64,128,64,query-one,replace,random,1.000000,1000000,8,0.250000,20,64,nn-descent,1513.628990,nan,nan,nan,2156.076223,8091.859810,3756.237124,0.000000,174.061630,280.249277,19.693174,14478.177238,59.882770,0.979292
full_direct_query_replace8_farthest_sample10,1000000,10000,12,64,128,64,query-one,replace,farthest,0.100000,100242,8,0.250000,20,64,nn-descent,1517.144574,nan,nan,nan,2187.805279,2633.282486,49461.224599,0.000000,175.366840,296.426867,20.436579,54774.542650,60.187251,0.966167
full_direct_query_replace8_nearest_sample10,1000000,10000,12,64,128,64,query-one,replace,nearest,0.100000,100242,8,0.250000,20,64,nn-descent,1513.424548,nan,nan,nan,2224.110487,2671.493347,50120.029943,0.000000,179.723789,302.263347,22.642675,55520.263588,60.325332,0.965692
full_direct_query_append2_batch50k,1000000,10000,12,64,128,66,query-one,append,random,1.000000,1000000,2,0.250000,20,64,nn-descent,1512.652983,nan,nan,nan,2225.874100,8208.488607,263.062518,0.000000,163.499878,306.357375,20.499860,11187.782338,60.021490,0.976158
full_direct_query_append2_canditopk2,1000000,10000,12,64,128,66,query-one,append,random,1.000000,1000000,2,0.250000,20,64,nn-descent,1498.449246,nan,nan,nan,2234.245517,3159.222202,274.345076,0.000000,167.615066,313.677945,21.943710,6171.049516,60.294812,0.975108
full_direct_query_append1_canditopk1,1000000,10000,12,64,128,65,query-one,append,random,1.000000,1000000,1,0.250000,20,64,nn-descent,1504.488007,nan,nan,nan,2242.521134,3069.752869,213.452299,0.000000,164.010481,312.733979,21.670828,6024.141590,60.546294,0.971725
full_direct_query_append2_canditopk2_sample75,1000000,10000,12,64,128,66,query-one,append,random,0.750000,750360,2,0.250000,20,64,nn-descent,1502.721155,nan,nan,nan,2244.409787,2939.116577,245.140716,0.000000,167.032182,303.377154,22.015470,5921.091886,60.401973,0.972992
full_direct_query_append4_canditopk4,1000000,10000,12,64,128,68,query-one,append,random,1.000000,1000000,4,0.250000,20,64,nn-descent,1505.963858,nan,nan,nan,2227.852754,3342.929378,361.938755,0.000000,172.339979,305.200527,22.240232,6432.501625,60.008650,0.977417
full_direct_query_append8_canditopk8,1000000,10000,12,64,128,72,query-one,append,random,1.000000,1000000,8,0.250000,20,64,nn-descent,1505.730455,nan,nan,nan,2257.343675,3700.404462,565.084264,0.000000,180.466514,327.571920,21.451106,7052.321941,60.070851,0.980325
full_direct_query_append4_canditopk4_sample75,1000000,10000,12,64,128,68,query-one,append,random,0.750000,750360,4,0.250000,20,64,nn-descent,1509.719683,nan,nan,nan,2227.616392,3048.086161,311.420850,0.000000,171.036730,313.307662,21.696749,6093.164544,60.385453,0.975408
full_direct_query_append8_canditopk8_sample50,1000000,10000,12,64,128,72,query-one,append,random,0.500000,499541,8,0.250000,20,64,nn-descent,1508.816197,nan,nan,nan,2271.759133,2969.375824,369.239964,0.000000,182.177046,323.461452,22.455753,6138.469172,60.972377,0.972767
full_nnd_query_append2_canditopk2_iter5,1000000,10000,12,64,128,66,query-one,append,random,1.000000,1000000,2,0.250000,5,64,nn-descent,1497.425598,nan,nan,nan,2181.460076,3060.594127,259.188852,23042.230515,307.901625,582.664664,20.226898,29454.266757,63.567595,0.951317
full_direct_query_all_append2_canditopk2,1000000,10000,12,64,128,66,query-all,append,random,1.000000,1000000,2,0.250000,20,64,nn-descent,1495.315224,nan,nan,nan,2283.299172,3227.222947,266.590143,0.000000,168.331951,323.363771,22.475794,6291.283778,60.264532,0.975142
